{"cameraMode":{"drawMode":0,"name":"Shaded","section":"Shading Mode"},"sceneLighting":false,"audioPlay":false,"sceneViewState":{"showFog":true,"showMaterialUpdate":false,"showSkybox":false,"showFlares":true,"showImageEffects":true,"showParticleSystems":true},"in2DMode":false,"pivot":{"x":-9.5367431640625e-7,"y":1.2157272100448609,"z":-0.09616965055465698},"rotation":{"x":0.22365634143352509,"y":0.12243212759494782,"z":-0.02833101898431778,"w":0.9665330052375794},"size":1.3504410982131959,"orthographic":true}