{"cameraMode":{"drawMode":0,"name":"Shaded","section":"Shading Mode"},"sceneLighting":false,"audioPlay":false,"sceneViewState":{"showFog":true,"showMaterialUpdate":false,"showSkybox":false,"showFlares":true,"showImageEffects":true,"showParticleSystems":true},"in2DMode":false,"pivot":{"x":0.150227352976799,"y":1.8624236583709717,"z":-0.11278526484966278},"rotation":{"x":-0.060046013444662097,"y":-0.8867672085762024,"z":0.12045229971408844,"w":-0.44221335649490359},"size":0.8732402324676514,"orthographic":true}