{"cameraMode":{"drawMode":0,"name":"Shaded","section":"Shading Mode"},"sceneLighting":false,"audioPlay":false,"sceneViewState":{"showFog":true,"showMaterialUpdate":false,"showSkybox":false,"showFlares":true,"showImageEffects":true,"showParticleSystems":true},"in2DMode":false,"pivot":{"x":0.10884702205657959,"y":2.143878936767578,"z":0.8074879050254822},"rotation":{"x":0.014072122052311898,"y":0.2113715261220932,"z":-0.003043683711439371,"w":0.9773014783859253},"size":1.2613743543624879,"orthographic":true}