{"cameraMode":{"drawMode":0,"name":"Shaded","section":"Shading Mode"},"sceneLighting":false,"audioPlay":false,"sceneViewState":{"showFog":true,"showMaterialUpdate":false,"showSkybox":false,"showFlares":true,"showImageEffects":true,"showParticleSystems":true},"in2DMode":false,"pivot":{"x":0.05948374792933464,"y":1.4891183376312256,"z":0.1664692461490631},"rotation":{"x":0.0008173439418897033,"y":-0.41323187947273257,"z":0.00037172180600464344,"w":0.9106265306472778},"size":0.8792285919189453,"orthographic":true}